d100,Word
1,Drumstick
2,Dairydoodle
3,Dragonfruit
4,Doughbot
5,Daggerloaf
6,Dippin’Duck
7,Dredgecake
8,Droidsnack
9,Datepop
10,Donutron
11,Dicedspice
12,Dollmeat
13,Dwarfpie
14,Doodlechew
15,Dirtcookie
16,DrumrollPopper
17,Daintybite
18,Dinglebake
19,Dumplingtoon
20,DeliGoblin
21,Digiplum
22,Drizzlebean
23,DrawstringHam
24,DuckyDonut
25,Dirtmead
26,Deckcrust
27,Druidfudge
28,Doodlepasta
29,Daggerpops
30,Dippystick
31,DragonspitToffee
32,DipNPlay
33,Daintyroll
34,DuelChew
35,Dropcake
36,DriveThruTurkey
37,Dishwhiz
38,DoughKnight
39,Dicedale
40,DungeonDip
41,Deepsalt
42,Derpbites
43,DustedBun
44,DroidDelight
45,Druidchips
46,DinoBacon
47,DollBread
48,DonjonJuice
49,Drizzlerings
50,Dragoncrisp
51,DewberrySnack
52,DamsonPop
53,Dryroast
54,Daggercorn
55,Doodlepuff
56,Dice’n’Dine
57,DrumrollSnax
58,Digimunch
59,Droolmeat
60,Duckyfruit
61,Doughling
62,Dinnermancer
63,Donkeyloaf
64,Dairymancer
65,DipJar
66,DicedGoblet
67,Dewpunch
68,Droidchomp
69,Dryberry
70,DollopKing
71,Drenchcake
72,DrawnMeat
73,DuelSnack
74,Dustbun
75,Daintycheese
76,Dungeonscotch
77,DibblerTart
78,DonutWraith
79,DipDragon
80,Dicecake
81,Dragonbite
82,Drytoast
83,Digibite
84,Doughspark
85,Damselfudge
86,Drizzlepop
87,Duckwhip
88,Druidpops
89,Dumpstew
90,Dreadpastry
91,Digitoast
92,Donutfang
93,Daggerchips
94,Doodlepan
95,DrawnButterGolem
96,Dwarfscone
97,Dungeonchew
98,Dreamcheese
99,Daggerlicorice
100,Doodlenugget
