d100,Word
1,Dignity
2,Dibs
3,Destiny
4,Doodles
5,Discipline
6,Dumpster
7,Diplomacy
8,Dingus
9,Dashing
10,Drool
11,Devotion
12,Ducttape
13,Determination
14,Donuts
15,Discretion
16,Dingleberry
17,Debate
18,Dogpile
19,Dramatic
20,Dab
21,Diligence
22,Disco
23,Doctrine
24,Derp
25,Declaration
26,Duck
27,Direction
28,Dandelions
29,Dominance
30,Doodad
31,Decorum
32,Dibsagain
33,Duty
34,Dumpsterfire
35,Dazzle
36,Dragonfart
37,Dedication
38,Doublebackflip
39,Drive
40,Dingleflap
41,Dialogue
42,Dirt
43,Demeanor
44,Deez
45,Divine
46,Darnit
47,Decision
48,Dagger
49,Dueling
50,Dork
51,Decree
52,Dingdong
53,Discernment
54,Duckface
55,Defense
56,Dabstorm
57,Directive
58,Dibsagainagain
59,Distinction
60,Donât
61,Dream
62,Droppedmystaff
63,Discourse
64,Dragonthunder
65,Deduce
66,Doubleaxe
67,Delight
68,Drama
69,Daring
70,Doink
71,Diplomancer
72,Doomnoodle
73,Dependable
74,Dung
75,Distinction
76,Danger
77,Determinator
78,Doorhandle
79,Doctrine
80,Dewey
81,Don
82,Daggerbite
83,Doyouwanttofight
84,Dovetail
85,Duckwrangler
86,Dragonbreath
87,Deepthink
88,Dumpcake
89,Debatecrystal
90,Dash
91,Dapper
92,Darnright
93,Divulgence
94,Detour
95,Dawdle
96,Dandelionwail
97,Dialectic
98,Dirtbolt
99,Dreamblade
100,DESTRUCTION
101,Dingledunk
102,Darnation
103,Ducksplosion
104,Dinglebloop
105,Dabhammer
106,Dandelionscream
107,Droolcore
108,Dumpsterwhistle
109,DuelofDestiny
110,Donutstrike
111,Dunkblast
112,Derailment
113,Discombobulate
114,Doomshriek
115,Dizzyspin
116,Disasterdance
117,Doorknobninja
118,Dungeontoast
119,Dollface
120,Dripnado
121,Dumbstruck
122,Dynamitenugget
123,Discreetpanic
124,Dizzybark
125,Drumslap
126,Doompillow
127,Dingbatflare
128,Drenchedwig
129,Dramallama
130,Doomwaddle
131,Drizzlejazz
132,Dandelioncrash
133,Doomconfetti
134,Ductduel
135,Dorkbeam
136,Dumbbellsmash
137,Divebombgoblin
138,Duelduelduel
139,Donutlaser
140,Dinkysmack
141,Debuffcake
142,Dizzywheeze
143,Dagnabbit
144,Dabclam
145,Disasterhug
146,Dramafrost
147,Dewydoom
148,Dismayflake
149,Dartquack
150,Daggerbanana
151,Dweebstorm
152,Dinglebark
153,Dizzyjester
154,Drunkenbark
155,Daggeryawn
156,Dodgepie
157,Drizzlekick
158,Dirtcrumpet
159,Donkeyflip
160,Dabblefrenzy
161,Dunkflute
162,Dumplingblast
163,Duhcannon
164,Discohowl
165,Dragonspoon
166,Dogegg
167,Dampcake
168,Dandelionsmash
169,Doinkwave
170,Dazzlecrash
171,Dweomernoodle
172,Droolflick
173,Dizzypaws
174,Druidpants
175,Doomsock
176,Dumpsterhug
177,Dingdongdoom
178,Dashbounce
179,Dustpoof
180,Dweebgleam
181,Dewsnort
182,Donutmeep
183,Dipcrunch
184,Dozysnack
185,Dumbcackle
186,Dizzyfangblast
187,Drizzleclap
188,Danceyshriek
189,Danglefrost
190,Doodlyzap
191,Donuthowl
192,Dumbbellchaos
193,Dweebblaster
194,Dingletickle
195,Doomdropkick
196,Druidzap
197,Dabbledagger
198,Dragonbelch
199,Dingdangbounce
200,Dizzydoom